timestamp,product_name,category,unit_price,quantity_sold,total_amount,payment_method
2026-02-14 17:27:00,Shampoo,Personal Care,85,3,255,Card
2026-02-14 12:37:00,Eggs 12pcs,Poultry,75,4,300,Cash
2026-02-14 07:41:00,Milk 1L,Dairy,28,1,28,UPI
2026-02-14 08:53:00,Tomato 1kg,Vegetables,30,2,60,Cash
2026-02-14 14:34:00,Orange 1kg,Fruits,80,1,80,UPI
2026-02-14 16:46:00,Onion 1kg,Vegetables,35,2,70,UPI
2026-02-14 21:30:00,Potato 1kg,Vegetables,25,4,100,Card
2026-02-14 13:55:00,Soft Drink 1L,Beverages,40,2,80,UPI
2026-02-14 18:10:00,Tea Powder 250g,Beverages,140,4,560,Cash
2026-02-14 11:30:00,Bread,Bakery,30,3,90,UPI
2026-02-14 09:54:00,Chana Dal 1kg,Grains,90,1,90,UPI
2026-02-14 17:25:00,Wheat Flour 1kg,Grains,45,3,135,Card
2026-02-14 19:01:00,Soap,Personal Care,28,1,28,UPI
2026-02-14 08:37:00,Eggs 12pcs,Poultry,75,1,75,Card
2026-02-14 10:42:00,Apple 1kg,Fruits,120,4,480,Card
2026-02-14 18:59:00,Tea Powder 250g,Beverages,140,4,560,Cash
2026-02-14 19:19:00,Potato 1kg,Vegetables,25,5,125,Cash
2026-02-14 13:42:00,Onion 1kg,Vegetables,35,1,35,Card
2026-02-14 12:04:00,Eggs 12pcs,Poultry,75,2,150,UPI
2026-02-14 20:06:00,Soft Drink 1L,Beverages,40,3,120,Card
2026-02-14 14:42:00,Toothpaste,Personal Care,55,1,55,UPI
2026-02-14 06:23:00,Toor Dal 1kg,Grains,110,2,220,UPI
2026-02-14 15:27:00,Curd 500g,Dairy,35,4,140,UPI
2026-02-14 17:39:00,Rice 1kg,Grains,60,2,120,Cash
2026-02-14 06:07:00,Onion 1kg,Vegetables,35,3,105,Cash
2026-02-14 09:01:00,Detergent 1kg,Home Care,110,3,330,UPI
2026-02-14 19:58:00,Detergent 1kg,Home Care,110,1,110,Cash
2026-02-14 15:04:00,Toothpaste,Personal Care,55,5,275,UPI
2026-02-14 11:13:00,Onion 1kg,Vegetables,35,2,70,Cash
2026-02-14 10:21:00,Soap,Personal Care,28,2,56,UPI
2026-02-14 16:22:00,Bread,Bakery,30,5,150,Cash
2026-02-14 21:11:00,Toothpaste,Personal Care,55,1,55,Cash
2026-02-14 18:04:00,Dishwash Liquid,Home Care,75,3,225,UPI
2026-02-14 17:55:00,Rice 1kg,Grains,60,2,120,Cash
2026-02-14 19:14:00,Detergent 1kg,Home Care,110,1,110,Cash
2026-02-14 15:23:00,Curd 500g,Dairy,35,1,35,Cash
2026-02-14 08:13:00,Orange 1kg,Fruits,80,5,400,Card
2026-02-14 20:13:00,Toor Dal 1kg,Grains,110,2,220,Cash
2026-02-14 07:59:00,Toor Dal 1kg,Grains,110,1,110,UPI
2026-02-14 21:48:00,Soap,Personal Care,28,4,112,Cash
2026-02-14 16:52:00,Dishwash Liquid,Home Care,75,5,375,Cash
2026-02-14 18:21:00,Soft Drink 1L,Beverages,40,2,80,Cash
2026-02-14 09:03:00,Orange 1kg,Fruits,80,5,400,UPI
2026-02-14 06:48:00,Soap,Personal Care,28,3,84,Cash
2026-02-14 13:18:00,Chana Dal 1kg,Grains,90,2,180,UPI
2026-02-14 15:26:00,Cooking Oil 1L,Essentials,120,2,240,Card
2026-02-14 19:02:00,Chana Dal 1kg,Grains,90,1,90,UPI
2026-02-14 17:26:00,Tea Powder 250g,Beverages,140,3,420,UPI
2026-02-14 18:50:00,Onion 1kg,Vegetables,35,4,140,Cash
2026-02-14 08:37:00,Tomato 1kg,Vegetables,30,4,120,Card
2026-02-14 17:17:00,Milk 1L,Dairy,28,5,140,UPI
2026-02-14 09:20:00,Tomato 1kg,Vegetables,30,2,60,Cash
2026-02-14 18:59:00,Shampoo,Personal Care,85,2,170,Card
2026-02-14 14:39:00,Soft Drink 1L,Beverages,40,4,160,Cash
2026-02-14 18:35:00,Detergent 1kg,Home Care,110,3,330,UPI
2026-02-14 18:00:00,Apple 1kg,Fruits,120,4,480,Cash
2026-02-14 18:14:00,Sugar 1kg,Essentials,50,3,150,Cash
2026-02-14 17:05:00,Dishwash Liquid,Home Care,75,4,300,Cash
2026-02-14 15:10:00,Soap,Personal Care,28,5,140,UPI
2026-02-14 09:39:00,Salt 1kg,Essentials,20,2,40,UPI
2026-02-14 15:36:00,Shampoo,Personal Care,85,2,170,Cash
2026-02-14 10:20:00,Toor Dal 1kg,Grains,110,1,110,Card
2026-02-14 09:54:00,Soft Drink 1L,Beverages,40,3,120,Card
2026-02-14 13:06:00,Cooking Oil 1L,Essentials,120,4,480,Cash
2026-02-14 06:21:00,Toor Dal 1kg,Grains,110,2,220,Cash
2026-02-14 11:22:00,Biscuits,Snacks,25,2,50,Card
2026-02-14 06:38:00,Shampoo,Personal Care,85,3,255,Cash
2026-02-14 16:25:00,Biscuits,Snacks,25,1,25,Cash
2026-02-14 17:01:00,Potato 1kg,Vegetables,25,1,25,Card
2026-02-14 19:45:00,Rice 1kg,Grains,60,4,240,Cash
2026-02-14 20:22:00,Onion 1kg,Vegetables,35,1,35,UPI
2026-02-14 16:03:00,Detergent 1kg,Home Care,110,5,550,Cash
2026-02-14 08:30:00,Curd 500g,Dairy,35,5,175,Cash
2026-02-14 08:34:00,Wheat Flour 1kg,Grains,45,2,90,Cash
2026-02-14 08:44:00,Milk 1L,Dairy,28,5,140,UPI
2026-02-14 09:46:00,Tomato 1kg,Vegetables,30,3,90,UPI
2026-02-14 13:57:00,Tea Powder 250g,Beverages,140,5,700,Cash
2026-02-14 08:27:00,Rice 1kg,Grains,60,2,120,UPI
2026-02-14 07:16:00,Onion 1kg,Vegetables,35,4,140,Cash
2026-02-14 18:41:00,Toothpaste,Personal Care,55,2,110,Card
2026-02-14 10:51:00,Soft Drink 1L,Beverages,40,4,160,UPI
2026-02-14 14:08:00,Apple 1kg,Fruits,120,1,120,UPI
2026-02-14 14:53:00,Curd 500g,Dairy,35,1,35,Card
2026-02-14 17:51:00,Curd 500g,Dairy,35,3,105,UPI
2026-02-14 16:47:00,Butter 100g,Dairy,52,5,260,UPI
2026-02-14 10:44:00,Toor Dal 1kg,Grains,110,5,550,Cash
2026-02-14 16:04:00,Biscuits,Snacks,25,3,75,UPI
2026-02-14 13:17:00,Eggs 12pcs,Poultry,75,5,375,UPI
2026-02-14 15:47:00,Apple 1kg,Fruits,120,4,480,UPI
2026-02-14 20:47:00,Biscuits,Snacks,25,5,125,Card
2026-02-14 13:34:00,Shampoo,Personal Care,85,5,425,Cash
2026-02-14 13:41:00,Cooking Oil 1L,Essentials,120,4,480,Cash
2026-02-14 11:03:00,Sugar 1kg,Essentials,50,1,50,UPI
2026-02-14 08:31:00,Salt 1kg,Essentials,20,2,40,UPI
2026-02-14 13:19:00,Salt 1kg,Essentials,20,3,60,UPI
2026-02-14 13:44:00,Cooking Oil 1L,Essentials,120,3,360,Cash
2026-02-14 18:26:00,Banana 1 dozen,Fruits,50,2,100,Card
2026-02-14 21:30:00,Bread,Bakery,30,3,90,Card
2026-02-14 07:27:00,Potato 1kg,Vegetables,25,5,125,Cash
2026-02-14 10:14:00,Coffee 100g,Beverages,95,5,475,Cash
2026-02-14 17:58:00,Banana 1 dozen,Fruits,50,3,150,UPI
2026-02-14 17:54:00,Tea Powder 250g,Beverages,140,1,140,UPI
2026-02-14 13:38:00,Dishwash Liquid,Home Care,75,1,75,UPI
2026-02-14 08:23:00,Soap,Personal Care,28,5,140,UPI
2026-02-14 11:38:00,Shampoo,Personal Care,85,5,425,UPI
2026-02-14 09:34:00,Bread,Bakery,30,4,120,Card
2026-02-14 07:54:00,Biscuits,Snacks,25,5,125,UPI
2026-02-14 16:22:00,Dishwash Liquid,Home Care,75,1,75,Card
2026-02-14 07:06:00,Detergent 1kg,Home Care,110,4,440,UPI
2026-02-14 13:07:00,Tomato 1kg,Vegetables,30,2,60,Cash
2026-02-14 21:14:00,Detergent 1kg,Home Care,110,1,110,Cash
2026-02-14 20:30:00,Potato 1kg,Vegetables,25,2,50,UPI
2026-02-14 11:07:00,Chana Dal 1kg,Grains,90,1,90,Cash
2026-02-14 12:13:00,Wheat Flour 1kg,Grains,45,2,90,Cash
2026-02-14 14:48:00,Milk 1L,Dairy,28,5,140,Cash
2026-02-14 06:39:00,Curd 500g,Dairy,35,1,35,UPI
2026-02-14 20:54:00,Soap,Personal Care,28,5,140,Card
2026-02-14 06:48:00,Shampoo,Personal Care,85,2,170,Cash
2026-02-14 11:48:00,Toothpaste,Personal Care,55,1,55,UPI
2026-02-14 18:58:00,Banana 1 dozen,Fruits,50,2,100,UPI
2026-02-14 06:47:00,Apple 1kg,Fruits,120,3,360,Card
2026-02-14 09:38:00,Coffee 100g,Beverages,95,5,475,Cash
2026-02-14 19:53:00,Coffee 100g,Beverages,95,5,475,Cash
2026-02-14 11:06:00,Sugar 1kg,Essentials,50,4,200,Card
2026-02-14 08:50:00,Toor Dal 1kg,Grains,110,4,440,Card
2026-02-14 09:08:00,Shampoo,Personal Care,85,4,340,UPI
2026-02-14 19:59:00,Toor Dal 1kg,Grains,110,1,110,Cash
2026-02-14 11:48:00,Wheat Flour 1kg,Grains,45,4,180,UPI
2026-02-14 18:33:00,Bread,Bakery,30,3,90,UPI
2026-02-14 21:41:00,Soft Drink 1L,Beverages,40,1,40,UPI
2026-02-14 14:23:00,Tomato 1kg,Vegetables,30,2,60,UPI
2026-02-14 07:55:00,Cooking Oil 1L,Essentials,120,4,480,UPI
2026-02-14 14:39:00,Tomato 1kg,Vegetables,30,5,150,Cash
2026-02-14 14:38:00,Bread,Bakery,30,2,60,UPI
2026-02-14 21:56:00,Shampoo,Personal Care,85,2,170,UPI
2026-02-14 08:51:00,Orange 1kg,Fruits,80,2,160,UPI
2026-02-14 08:51:00,Onion 1kg,Vegetables,35,2,70,UPI
2026-02-14 17:38:00,Cooking Oil 1L,Essentials,120,3,360,Cash
2026-02-14 16:42:00,Onion 1kg,Vegetables,35,4,140,Cash
2026-02-14 17:58:00,Tea Powder 250g,Beverages,140,1,140,UPI
2026-02-14 15:53:00,Bread,Bakery,30,4,120,Cash
2026-02-14 21:55:00,Soft Drink 1L,Beverages,40,3,120,Cash
2026-02-14 06:08:00,Soft Drink 1L,Beverages,40,5,200,Cash
2026-02-14 13:22:00,Potato 1kg,Vegetables,25,3,75,Cash
2026-02-14 08:24:00,Potato 1kg,Vegetables,25,5,125,UPI
2026-02-14 06:45:00,Banana 1 dozen,Fruits,50,4,200,UPI
2026-02-14 19:07:00,Salt 1kg,Essentials,20,5,100,UPI
2026-02-14 11:28:00,Onion 1kg,Vegetables,35,2,70,UPI
2026-02-14 17:34:00,Soap,Personal Care,28,1,28,UPI
2026-02-14 10:13:00,Tomato 1kg,Vegetables,30,2,60,UPI
2026-02-14 09:43:00,Banana 1 dozen,Fruits,50,4,200,Card
2026-02-14 16:15:00,Tomato 1kg,Vegetables,30,2,60,UPI
2026-02-14 21:54:00,Potato 1kg,Vegetables,25,5,125,Card
2026-02-14 10:11:00,Shampoo,Personal Care,85,3,255,UPI
2026-02-14 21:52:00,Curd 500g,Dairy,35,5,175,Cash
2026-02-14 17:40:00,Eggs 12pcs,Poultry,75,5,375,Cash
2026-02-14 19:21:00,Sugar 1kg,Essentials,50,4,200,UPI
2026-02-14 15:32:00,Banana 1 dozen,Fruits,50,1,50,Card
2026-02-14 20:07:00,Rice 1kg,Grains,60,1,60,UPI
2026-02-14 09:43:00,Detergent 1kg,Home Care,110,5,550,Cash
2026-02-14 15:37:00,Chana Dal 1kg,Grains,90,4,360,UPI
2026-02-14 10:27:00,Detergent 1kg,Home Care,110,1,110,Cash
2026-02-14 11:43:00,Tomato 1kg,Vegetables,30,4,120,UPI
2026-02-14 20:37:00,Onion 1kg,Vegetables,35,4,140,Card
2026-02-14 13:09:00,Butter 100g,Dairy,52,5,260,Card
2026-02-14 17:03:00,Toor Dal 1kg,Grains,110,3,330,Cash
2026-02-14 18:51:00,Bread,Bakery,30,4,120,UPI
2026-02-14 18:22:00,Chana Dal 1kg,Grains,90,3,270,UPI
2026-02-14 08:09:00,Onion 1kg,Vegetables,35,4,140,UPI
2026-02-14 06:42:00,Tea Powder 250g,Beverages,140,4,560,UPI
2026-02-14 09:32:00,Banana 1 dozen,Fruits,50,2,100,UPI
2026-02-14 16:30:00,Onion 1kg,Vegetables,35,2,70,UPI
2026-02-14 17:00:00,Chana Dal 1kg,Grains,90,4,360,UPI
2026-02-14 20:49:00,Sugar 1kg,Essentials,50,5,250,UPI
2026-02-14 12:11:00,Orange 1kg,Fruits,80,2,160,Card
2026-02-14 16:02:00,Soap,Personal Care,28,3,84,Card
2026-02-14 20:08:00,Potato 1kg,Vegetables,25,5,125,UPI
2026-02-14 06:23:00,Toothpaste,Personal Care,55,3,165,UPI
2026-02-14 06:42:00,Chana Dal 1kg,Grains,90,5,450,Cash
2026-02-14 12:59:00,Toothpaste,Personal Care,55,4,220,Cash
2026-02-14 13:19:00,Biscuits,Snacks,25,3,75,UPI
2026-02-14 19:57:00,Apple 1kg,Fruits,120,4,480,Card
2026-02-14 12:36:00,Tea Powder 250g,Beverages,140,5,700,UPI
2026-02-14 21:26:00,Tea Powder 250g,Beverages,140,2,280,UPI
2026-02-14 20:39:00,Salt 1kg,Essentials,20,1,20,UPI
2026-02-14 20:31:00,Chana Dal 1kg,Grains,90,4,360,UPI
2026-02-14 15:32:00,Detergent 1kg,Home Care,110,3,330,Cash
2026-02-14 19:38:00,Tomato 1kg,Vegetables,30,1,30,UPI
2026-02-14 21:18:00,Salt 1kg,Essentials,20,5,100,UPI
2026-02-14 20:43:00,Salt 1kg,Essentials,20,2,40,UPI
2026-02-14 18:11:00,Tomato 1kg,Vegetables,30,2,60,UPI
2026-02-14 09:42:00,Butter 100g,Dairy,52,4,208,UPI
2026-02-14 10:02:00,Banana 1 dozen,Fruits,50,1,50,UPI
2026-02-14 13:41:00,Onion 1kg,Vegetables,35,2,70,Card
2026-02-14 12:59:00,Tomato 1kg,Vegetables,30,4,120,Card
2026-02-14 11:47:00,Soap,Personal Care,28,4,112,UPI
2026-02-14 11:05:00,Salt 1kg,Essentials,20,3,60,Card
2026-02-14 14:07:00,Soap,Personal Care,28,4,112,Cash
2026-02-14 08:30:00,Sugar 1kg,Essentials,50,4,200,UPI
2026-02-14 14:07:00,Rice 1kg,Grains,60,2,120,UPI
2026-02-14 10:15:00,Toothpaste,Personal Care,55,5,275,Card
2026-02-14 21:33:00,Tomato 1kg,Vegetables,30,4,120,Card
2026-02-14 21:17:00,Onion 1kg,Vegetables,35,3,105,Cash
2026-02-14 09:39:00,Banana 1 dozen,Fruits,50,5,250,UPI
2026-02-14 17:33:00,Wheat Flour 1kg,Grains,45,2,90,Card
2026-02-14 08:24:00,Apple 1kg,Fruits,120,5,600,Cash
2026-02-14 11:59:00,Dishwash Liquid,Home Care,75,1,75,Card
2026-02-14 17:15:00,Wheat Flour 1kg,Grains,45,4,180,UPI
2026-02-14 14:30:00,Detergent 1kg,Home Care,110,5,550,UPI
2026-02-14 11:54:00,Potato 1kg,Vegetables,25,1,25,UPI
2026-02-14 14:32:00,Salt 1kg,Essentials,20,2,40,Cash
2026-02-14 13:02:00,Rice 1kg,Grains,60,3,180,UPI
2026-02-14 10:28:00,Toor Dal 1kg,Grains,110,1,110,Card
2026-02-14 10:31:00,Tea Powder 250g,Beverages,140,5,700,UPI
2026-02-14 20:38:00,Milk 1L,Dairy,28,1,28,Card
2026-02-14 17:03:00,Salt 1kg,Essentials,20,2,40,Card
2026-02-14 13:53:00,Detergent 1kg,Home Care,110,3,330,UPI
2026-02-14 09:17:00,Biscuits,Snacks,25,1,25,Card
2026-02-14 07:49:00,Milk 1L,Dairy,28,2,56,Cash
2026-02-14 11:34:00,Toor Dal 1kg,Grains,110,1,110,Card
2026-02-14 14:08:00,Biscuits,Snacks,25,5,125,UPI
2026-02-14 06:47:00,Chana Dal 1kg,Grains,90,5,450,UPI
2026-02-14 13:04:00,Milk 1L,Dairy,28,2,56,UPI
2026-02-14 14:07:00,Tomato 1kg,Vegetables,30,4,120,Cash
2026-02-14 19:12:00,Milk 1L,Dairy,28,1,28,Cash
2026-02-14 14:24:00,Bread,Bakery,30,5,150,Cash
2026-02-14 06:01:00,Shampoo,Personal Care,85,4,340,UPI
2026-02-14 14:00:00,Chana Dal 1kg,Grains,90,4,360,UPI
2026-02-14 06:08:00,Orange 1kg,Fruits,80,1,80,Cash
2026-02-14 20:45:00,Toor Dal 1kg,Grains,110,1,110,Cash
2026-02-14 21:25:00,Banana 1 dozen,Fruits,50,3,150,Cash
2026-02-14 19:42:00,Tomato 1kg,Vegetables,30,1,30,Cash
2026-02-14 10:03:00,Toothpaste,Personal Care,55,1,55,Cash
2026-02-14 17:36:00,Soft Drink 1L,Beverages,40,1,40,Card
2026-02-14 10:27:00,Curd 500g,Dairy,35,3,105,Card
2026-02-14 19:06:00,Detergent 1kg,Home Care,110,1,110,Card
2026-02-14 09:15:00,Milk 1L,Dairy,28,3,84,Cash
2026-02-14 17:37:00,Banana 1 dozen,Fruits,50,4,200,UPI
2026-02-14 10:17:00,Chana Dal 1kg,Grains,90,2,180,UPI
2026-02-14 10:36:00,Butter 100g,Dairy,52,1,52,UPI
2026-02-14 08:45:00,Soap,Personal Care,28,5,140,Cash
2026-02-14 09:37:00,Tomato 1kg,Vegetables,30,3,90,Cash
2026-02-14 18:37:00,Chana Dal 1kg,Grains,90,2,180,UPI
2026-02-14 13:48:00,Bread,Bakery,30,1,30,UPI
2026-02-14 16:43:00,Dishwash Liquid,Home Care,75,2,150,UPI
2026-02-14 15:04:00,Soft Drink 1L,Beverages,40,3,120,Cash
2026-02-14 13:18:00,Rice 1kg,Grains,60,3,180,Card
2026-02-14 10:00:00,Tomato 1kg,Vegetables,30,1,30,Cash
2026-02-14 20:45:00,Bread,Bakery,30,5,150,UPI
2026-02-14 12:51:00,Rice 1kg,Grains,60,2,120,UPI
2026-02-14 16:04:00,Bread,Bakery,30,1,30,UPI
2026-02-14 21:37:00,Dishwash Liquid,Home Care,75,3,225,UPI
2026-02-14 09:30:00,Eggs 12pcs,Poultry,75,3,225,UPI
2026-02-14 14:29:00,Shampoo,Personal Care,85,4,340,Cash
2026-02-14 10:30:00,Salt 1kg,Essentials,20,5,100,Cash
2026-02-14 16:52:00,Salt 1kg,Essentials,20,2,40,Cash
2026-02-14 08:37:00,Potato 1kg,Vegetables,25,3,75,UPI
2026-02-14 15:28:00,Tomato 1kg,Vegetables,30,1,30,Cash
2026-02-14 12:42:00,Soft Drink 1L,Beverages,40,1,40,Card
2026-02-14 09:39:00,Sugar 1kg,Essentials,50,5,250,UPI
2026-02-14 15:07:00,Toothpaste,Personal Care,55,4,220,UPI
2026-02-14 13:04:00,Potato 1kg,Vegetables,25,1,25,UPI
2026-02-14 10:30:00,Coffee 100g,Beverages,95,5,475,Card
2026-02-14 11:11:00,Onion 1kg,Vegetables,35,3,105,Cash
2026-02-14 13:35:00,Onion 1kg,Vegetables,35,2,70,Card
2026-02-14 20:40:00,Shampoo,Personal Care,85,5,425,UPI
2026-02-14 21:51:00,Shampoo,Personal Care,85,3,255,UPI
2026-02-14 12:26:00,Milk 1L,Dairy,28,1,28,UPI
2026-02-14 11:56:00,Banana 1 dozen,Fruits,50,3,150,Cash
2026-02-14 07:54:00,Salt 1kg,Essentials,20,3,60,UPI
2026-02-14 06:05:00,Toor Dal 1kg,Grains,110,4,440,Cash
2026-02-14 17:55:00,Milk 1L,Dairy,28,5,140,UPI
2026-02-14 21:04:00,Orange 1kg,Fruits,80,5,400,UPI
2026-02-14 06:14:00,Orange 1kg,Fruits,80,4,320,Cash
2026-02-14 19:44:00,Toothpaste,Personal Care,55,1,55,Cash
2026-02-14 06:54:00,Soft Drink 1L,Beverages,40,5,200,Cash
2026-02-14 14:35:00,Salt 1kg,Essentials,20,2,40,UPI
2026-02-14 15:44:00,Orange 1kg,Fruits,80,5,400,UPI
2026-02-14 13:50:00,Orange 1kg,Fruits,80,3,240,UPI
2026-02-14 09:30:00,Soap,Personal Care,28,4,112,UPI
2026-02-14 09:45:00,Detergent 1kg,Home Care,110,5,550,UPI
2026-02-14 07:28:00,Tea Powder 250g,Beverages,140,1,140,Card
2026-02-14 20:13:00,Butter 100g,Dairy,52,5,260,Cash
2026-02-14 16:14:00,Shampoo,Personal Care,85,1,85,UPI
2026-02-14 06:51:00,Toothpaste,Personal Care,55,3,165,Cash
2026-02-14 15:46:00,Curd 500g,Dairy,35,2,70,Cash
2026-02-14 08:45:00,Apple 1kg,Fruits,120,2,240,UPI
2026-02-14 14:08:00,Biscuits,Snacks,25,2,50,UPI
2026-02-14 09:40:00,Soap,Personal Care,28,1,28,UPI
2026-02-14 09:36:00,Toor Dal 1kg,Grains,110,4,440,Cash
2026-02-14 09:40:00,Chana Dal 1kg,Grains,90,5,450,UPI
2026-02-14 12:12:00,Curd 500g,Dairy,35,1,35,Cash
2026-02-14 17:00:00,Milk 1L,Dairy,28,3,84,Cash
2026-02-14 17:27:00,Butter 100g,Dairy,52,4,208,UPI
2026-02-14 18:45:00,Banana 1 dozen,Fruits,50,3,150,UPI
2026-02-14 21:03:00,Potato 1kg,Vegetables,25,2,50,UPI
2026-02-14 11:58:00,Shampoo,Personal Care,85,4,340,UPI
2026-02-14 16:59:00,Salt 1kg,Essentials,20,3,60,UPI
2026-02-14 10:26:00,Potato 1kg,Vegetables,25,4,100,Card
2026-02-14 15:05:00,Biscuits,Snacks,25,2,50,Cash
2026-02-14 09:09:00,Soap,Personal Care,28,2,56,Card
2026-02-14 07:49:00,Apple 1kg,Fruits,120,4,480,Card
2026-02-14 08:40:00,Detergent 1kg,Home Care,110,5,550,UPI
2026-02-14 18:24:00,Tea Powder 250g,Beverages,140,2,280,UPI
2026-02-14 10:05:00,Chana Dal 1kg,Grains,90,3,270,UPI
2026-02-14 08:25:00,Orange 1kg,Fruits,80,4,320,Card
2026-02-14 17:48:00,Chana Dal 1kg,Grains,90,3,270,UPI
2026-02-14 18:04:00,Potato 1kg,Vegetables,25,5,125,Card
2026-02-14 06:49:00,Butter 100g,Dairy,52,2,104,UPI
2026-02-14 20:44:00,Biscuits,Snacks,25,4,100,UPI
2026-02-14 18:23:00,Salt 1kg,Essentials,20,1,20,UPI
2026-02-14 11:15:00,Eggs 12pcs,Poultry,75,5,375,UPI
2026-02-14 13:07:00,Detergent 1kg,Home Care,110,1,110,UPI
2026-02-14 08:31:00,Eggs 12pcs,Poultry,75,4,300,Cash
2026-02-14 19:13:00,Milk 1L,Dairy,28,4,112,UPI
2026-02-14 12:13:00,Potato 1kg,Vegetables,25,3,75,Cash
2026-02-14 19:47:00,Toor Dal 1kg,Grains,110,4,440,UPI
2026-02-14 19:49:00,Eggs 12pcs,Poultry,75,1,75,Card
2026-02-14 13:23:00,Toor Dal 1kg,Grains,110,5,550,Cash
2026-02-14 11:40:00,Dishwash Liquid,Home Care,75,4,300,UPI
2026-02-14 08:58:00,Biscuits,Snacks,25,3,75,Cash
2026-02-14 07:41:00,Toor Dal 1kg,Grains,110,3,330,UPI
2026-02-14 12:06:00,Apple 1kg,Fruits,120,2,240,Card
2026-02-14 16:58:00,Shampoo,Personal Care,85,1,85,UPI
2026-02-14 20:25:00,Bread,Bakery,30,2,60,UPI
2026-02-14 06:28:00,Toor Dal 1kg,Grains,110,4,440,UPI
2026-02-14 14:50:00,Bread,Bakery,30,2,60,Cash
2026-02-14 19:53:00,Eggs 12pcs,Poultry,75,4,300,UPI
2026-02-14 12:25:00,Toor Dal 1kg,Grains,110,5,550,UPI
2026-02-14 17:44:00,Butter 100g,Dairy,52,5,260,Cash
2026-02-14 11:11:00,Toothpaste,Personal Care,55,4,220,Cash
2026-02-14 16:20:00,Toor Dal 1kg,Grains,110,2,220,Card
2026-02-14 15:28:00,Soft Drink 1L,Beverages,40,2,80,UPI
2026-02-14 10:01:00,Apple 1kg,Fruits,120,2,240,UPI
2026-02-14 20:35:00,Rice 1kg,Grains,60,1,60,Cash
2026-02-14 14:53:00,Sugar 1kg,Essentials,50,2,100,Cash
2026-02-14 11:04:00,Apple 1kg,Fruits,120,2,240,Card
2026-02-14 08:18:00,Tea Powder 250g,Beverages,140,5,700,Card
2026-02-14 19:59:00,Coffee 100g,Beverages,95,4,380,UPI
2026-02-14 15:47:00,Potato 1kg,Vegetables,25,1,25,Cash
2026-02-14 20:01:00,Coffee 100g,Beverages,95,4,380,UPI
2026-02-14 16:19:00,Salt 1kg,Essentials,20,4,80,Card
2026-02-14 06:02:00,Curd 500g,Dairy,35,5,175,Cash
2026-02-14 12:44:00,Butter 100g,Dairy,52,5,260,Cash
2026-02-14 12:55:00,Chana Dal 1kg,Grains,90,2,180,Card
2026-02-14 15:36:00,Rice 1kg,Grains,60,3,180,UPI
2026-02-14 10:50:00,Chana Dal 1kg,Grains,90,2,180,UPI
2026-02-14 12:31:00,Bread,Bakery,30,3,90,Cash
2026-02-14 09:33:00,Dishwash Liquid,Home Care,75,2,150,Cash
2026-02-14 18:11:00,Salt 1kg,Essentials,20,2,40,UPI
2026-02-14 09:14:00,Sugar 1kg,Essentials,50,5,250,Card
2026-02-14 11:01:00,Toor Dal 1kg,Grains,110,5,550,Cash
2026-02-14 21:30:00,Onion 1kg,Vegetables,35,5,175,Cash
2026-02-14 14:07:00,Soap,Personal Care,28,4,112,UPI
2026-02-14 14:11:00,Curd 500g,Dairy,35,3,105,Cash
2026-02-14 21:33:00,Sugar 1kg,Essentials,50,1,50,UPI
2026-02-14 06:57:00,Onion 1kg,Vegetables,35,3,105,Card
2026-02-14 06:20:00,Dishwash Liquid,Home Care,75,2,150,Cash
2026-02-14 08:11:00,Apple 1kg,Fruits,120,2,240,Cash
2026-02-14 11:55:00,Shampoo,Personal Care,85,5,425,Cash
2026-02-14 11:58:00,Banana 1 dozen,Fruits,50,1,50,Card
2026-02-14 19:35:00,Butter 100g,Dairy,52,1,52,Cash
2026-02-14 07:50:00,Tea Powder 250g,Beverages,140,4,560,Card
2026-02-14 12:22:00,Sugar 1kg,Essentials,50,1,50,UPI
2026-02-14 09:24:00,Salt 1kg,Essentials,20,4,80,Cash
2026-02-14 09:38:00,Detergent 1kg,Home Care,110,4,440,UPI
2026-02-14 14:56:00,Rice 1kg,Grains,60,4,240,UPI
2026-02-14 11:32:00,Soap,Personal Care,28,4,112,Cash
2026-02-14 13:47:00,Orange 1kg,Fruits,80,3,240,UPI
2026-02-14 20:29:00,Curd 500g,Dairy,35,2,70,UPI
2026-02-14 19:46:00,Tea Powder 250g,Beverages,140,1,140,Cash
2026-02-14 17:44:00,Sugar 1kg,Essentials,50,1,50,UPI
2026-02-14 17:09:00,Toothpaste,Personal Care,55,4,220,UPI
2026-02-14 10:09:00,Rice 1kg,Grains,60,3,180,Card
2026-02-14 12:17:00,Soft Drink 1L,Beverages,40,2,80,UPI
2026-02-14 08:22:00,Onion 1kg,Vegetables,35,3,105,UPI
2026-02-14 11:25:00,Cooking Oil 1L,Essentials,120,2,240,UPI
2026-02-14 13:41:00,Sugar 1kg,Essentials,50,4,200,UPI
2026-02-14 18:46:00,Sugar 1kg,Essentials,50,2,100,UPI
2026-02-14 08:10:00,Salt 1kg,Essentials,20,4,80,Cash
2026-02-14 11:48:00,Biscuits,Snacks,25,4,100,Cash
2026-02-14 16:19:00,Butter 100g,Dairy,52,4,208,Cash
2026-02-14 08:25:00,Soft Drink 1L,Beverages,40,5,200,Cash
2026-02-14 11:31:00,Detergent 1kg,Home Care,110,2,220,Card
2026-02-14 20:47:00,Butter 100g,Dairy,52,1,52,UPI
2026-02-14 21:47:00,Banana 1 dozen,Fruits,50,3,150,UPI
2026-02-14 10:33:00,Milk 1L,Dairy,28,5,140,UPI
2026-02-14 15:04:00,Biscuits,Snacks,25,1,25,UPI
2026-02-14 14:59:00,Curd 500g,Dairy,35,4,140,UPI
2026-02-14 20:50:00,Wheat Flour 1kg,Grains,45,5,225,Cash
2026-02-14 16:12:00,Banana 1 dozen,Fruits,50,4,200,Cash
2026-02-14 09:17:00,Wheat Flour 1kg,Grains,45,2,90,UPI
2026-02-14 17:36:00,Bread,Bakery,30,4,120,UPI
2026-02-14 09:30:00,Apple 1kg,Fruits,120,5,600,Cash
2026-02-14 16:10:00,Toor Dal 1kg,Grains,110,3,330,UPI
2026-02-14 12:23:00,Toothpaste,Personal Care,55,5,275,UPI
2026-02-14 07:56:00,Cooking Oil 1L,Essentials,120,1,120,UPI
2026-02-14 07:02:00,Rice 1kg,Grains,60,2,120,UPI
2026-02-14 14:00:00,Cooking Oil 1L,Essentials,120,5,600,Card
2026-02-14 07:23:00,Apple 1kg,Fruits,120,5,600,UPI
2026-02-14 07:02:00,Shampoo,Personal Care,85,3,255,Cash
2026-02-14 14:45:00,Apple 1kg,Fruits,120,3,360,Card
2026-02-14 16:27:00,Detergent 1kg,Home Care,110,1,110,Cash
2026-02-14 09:18:00,Curd 500g,Dairy,35,3,105,UPI
2026-02-14 19:16:00,Detergent 1kg,Home Care,110,3,330,Cash
2026-02-14 09:09:00,Soap,Personal Care,28,2,56,Cash
2026-02-14 20:15:00,Butter 100g,Dairy,52,5,260,UPI
2026-02-14 17:37:00,Orange 1kg,Fruits,80,3,240,Card
2026-02-14 19:22:00,Sugar 1kg,Essentials,50,2,100,UPI
2026-02-14 07:49:00,Banana 1 dozen,Fruits,50,5,250,UPI
2026-02-14 07:10:00,Curd 500g,Dairy,35,2,70,UPI
2026-02-14 15:01:00,Detergent 1kg,Home Care,110,5,550,UPI
2026-02-14 16:32:00,Cooking Oil 1L,Essentials,120,1,120,UPI
2026-02-14 16:05:00,Eggs 12pcs,Poultry,75,3,225,UPI
2026-02-14 15:00:00,Toor Dal 1kg,Grains,110,4,440,UPI
2026-02-14 12:57:00,Biscuits,Snacks,25,5,125,Cash
2026-02-14 11:51:00,Apple 1kg,Fruits,120,5,600,Cash
2026-02-14 11:48:00,Soap,Personal Care,28,4,112,Card
2026-02-14 13:47:00,Biscuits,Snacks,25,3,75,Cash
2026-02-14 13:30:00,Detergent 1kg,Home Care,110,1,110,UPI
2026-02-14 20:09:00,Detergent 1kg,Home Care,110,5,550,UPI
2026-02-14 21:03:00,Orange 1kg,Fruits,80,1,80,Cash
2026-02-14 11:38:00,Salt 1kg,Essentials,20,2,40,Cash
2026-02-14 19:51:00,Tea Powder 250g,Beverages,140,3,420,Cash
2026-02-14 18:15:00,Potato 1kg,Vegetables,25,3,75,UPI
2026-02-14 12:45:00,Potato 1kg,Vegetables,25,4,100,Card
2026-02-14 06:45:00,Shampoo,Personal Care,85,1,85,Cash
2026-02-14 16:04:00,Detergent 1kg,Home Care,110,4,440,UPI
2026-02-14 10:38:00,Chana Dal 1kg,Grains,90,4,360,Cash
2026-02-14 13:57:00,Chana Dal 1kg,Grains,90,4,360,Cash
2026-02-14 19:14:00,Biscuits,Snacks,25,4,100,UPI
2026-02-14 21:51:00,Chana Dal 1kg,Grains,90,3,270,Cash
2026-02-14 11:33:00,Shampoo,Personal Care,85,2,170,UPI
2026-02-14 21:27:00,Eggs 12pcs,Poultry,75,2,150,UPI
2026-02-14 20:29:00,Shampoo,Personal Care,85,4,340,Cash
2026-02-14 19:06:00,Milk 1L,Dairy,28,1,28,Cash
2026-02-14 11:58:00,Sugar 1kg,Essentials,50,5,250,Card
2026-02-14 08:17:00,Banana 1 dozen,Fruits,50,2,100,Card
2026-02-14 07:49:00,Apple 1kg,Fruits,120,5,600,UPI
2026-02-14 06:20:00,Detergent 1kg,Home Care,110,5,550,Cash
2026-02-14 11:25:00,Milk 1L,Dairy,28,3,84,Cash
2026-02-14 10:17:00,Toothpaste,Personal Care,55,2,110,Card
2026-02-14 10:58:00,Curd 500g,Dairy,35,5,175,UPI
2026-02-14 16:32:00,Detergent 1kg,Home Care,110,5,550,Card
2026-02-14 07:19:00,Apple 1kg,Fruits,120,3,360,UPI
2026-02-14 09:48:00,Toor Dal 1kg,Grains,110,3,330,Card
2026-02-14 11:39:00,Cooking Oil 1L,Essentials,120,5,600,Cash
2026-02-14 16:57:00,Potato 1kg,Vegetables,25,4,100,UPI
2026-02-14 20:31:00,Cooking Oil 1L,Essentials,120,1,120,Card
2026-02-14 14:54:00,Banana 1 dozen,Fruits,50,3,150,Cash
2026-02-14 10:59:00,Dishwash Liquid,Home Care,75,4,300,Cash
2026-02-14 09:02:00,Bread,Bakery,30,5,150,Cash
2026-02-14 10:59:00,Toothpaste,Personal Care,55,4,220,UPI
2026-02-14 07:53:00,Curd 500g,Dairy,35,4,140,UPI
2026-02-14 19:15:00,Orange 1kg,Fruits,80,1,80,Card
2026-02-14 11:52:00,Wheat Flour 1kg,Grains,45,5,225,Cash
2026-02-14 15:48:00,Soft Drink 1L,Beverages,40,2,80,Card
2026-02-14 21:06:00,Onion 1kg,Vegetables,35,2,70,UPI
2026-02-14 19:31:00,Biscuits,Snacks,25,1,25,Card
2026-02-14 13:31:00,Biscuits,Snacks,25,4,100,Card
2026-02-14 15:06:00,Rice 1kg,Grains,60,2,120,UPI
2026-02-14 16:22:00,Sugar 1kg,Essentials,50,3,150,UPI
2026-02-14 19:41:00,Toor Dal 1kg,Grains,110,3,330,UPI
2026-02-14 16:25:00,Shampoo,Personal Care,85,3,255,Card
2026-02-14 20:13:00,Onion 1kg,Vegetables,35,2,70,UPI
2026-02-14 10:22:00,Milk 1L,Dairy,28,4,112,Cash
2026-02-14 16:01:00,Apple 1kg,Fruits,120,3,360,UPI
2026-02-14 12:21:00,Banana 1 dozen,Fruits,50,3,150,UPI
2026-02-14 17:20:00,Bread,Bakery,30,1,30,Card
2026-02-14 06:24:00,Biscuits,Snacks,25,3,75,UPI
2026-02-14 15:08:00,Salt 1kg,Essentials,20,5,100,Cash
2026-02-14 19:44:00,Banana 1 dozen,Fruits,50,5,250,Cash
2026-02-14 18:50:00,Detergent 1kg,Home Care,110,5,550,UPI
2026-02-14 06:28:00,Tea Powder 250g,Beverages,140,4,560,Cash
2026-02-14 13:56:00,Eggs 12pcs,Poultry,75,1,75,UPI
2026-02-14 11:41:00,Dishwash Liquid,Home Care,75,3,225,UPI
2026-02-14 19:38:00,Toor Dal 1kg,Grains,110,2,220,UPI
2026-02-14 10:33:00,Sugar 1kg,Essentials,50,3,150,UPI
2026-02-14 14:57:00,Onion 1kg,Vegetables,35,2,70,Cash
2026-02-14 08:59:00,Orange 1kg,Fruits,80,1,80,Card
2026-02-14 12:04:00,Wheat Flour 1kg,Grains,45,2,90,UPI
2026-02-14 12:22:00,Bread,Bakery,30,5,150,UPI
2026-02-14 19:30:00,Shampoo,Personal Care,85,3,255,UPI
2026-02-14 21:25:00,Toor Dal 1kg,Grains,110,2,220,Cash
2026-02-14 13:12:00,Eggs 12pcs,Poultry,75,3,225,UPI
2026-02-14 21:31:00,Curd 500g,Dairy,35,2,70,UPI
2026-02-14 15:06:00,Onion 1kg,Vegetables,35,3,105,Card
2026-02-14 09:31:00,Potato 1kg,Vegetables,25,5,125,Cash
2026-02-14 19:09:00,Sugar 1kg,Essentials,50,4,200,Cash
2026-02-14 14:30:00,Apple 1kg,Fruits,120,4,480,Card
2026-02-14 19:39:00,Cooking Oil 1L,Essentials,120,1,120,UPI
2026-02-14 08:02:00,Wheat Flour 1kg,Grains,45,5,225,UPI
2026-02-14 11:46:00,Tea Powder 250g,Beverages,140,5,700,UPI
2026-02-14 18:27:00,Biscuits,Snacks,25,2,50,Cash
2026-02-14 12:48:00,Tea Powder 250g,Beverages,140,2,280,Cash
2026-02-14 20:01:00,Toothpaste,Personal Care,55,4,220,Card
2026-02-14 16:28:00,Dishwash Liquid,Home Care,75,5,375,UPI
2026-02-14 08:49:00,Sugar 1kg,Essentials,50,4,200,UPI
2026-02-14 09:59:00,Tomato 1kg,Vegetables,30,2,60,UPI
2026-02-14 07:05:00,Cooking Oil 1L,Essentials,120,5,600,UPI
2026-02-14 06:51:00,Cooking Oil 1L,Essentials,120,4,480,Card
2026-02-14 09:45:00,Onion 1kg,Vegetables,35,4,140,Cash
2026-02-14 19:30:00,Rice 1kg,Grains,60,3,180,UPI
2026-02-14 09:41:00,Milk 1L,Dairy,28,3,84,UPI
2026-02-14 10:46:00,Banana 1 dozen,Fruits,50,1,50,Card
2026-02-14 08:47:00,Soft Drink 1L,Beverages,40,1,40,Cash
2026-02-14 09:08:00,Butter 100g,Dairy,52,4,208,Card
2026-02-14 09:52:00,Rice 1kg,Grains,60,3,180,UPI
2026-02-14 16:42:00,Butter 100g,Dairy,52,5,260,UPI
2026-02-14 12:14:00,Tea Powder 250g,Beverages,140,1,140,UPI
2026-02-14 16:42:00,Tomato 1kg,Vegetables,30,5,150,Card
2026-02-14 19:11:00,Curd 500g,Dairy,35,2,70,Cash
2026-02-14 18:49:00,Bread,Bakery,30,2,60,UPI
2026-02-14 10:43:00,Orange 1kg,Fruits,80,2,160,UPI
2026-02-14 07:01:00,Shampoo,Personal Care,85,2,170,UPI
2026-02-14 06:39:00,Dishwash Liquid,Home Care,75,5,375,UPI
2026-02-14 16:05:00,Salt 1kg,Essentials,20,4,80,UPI
2026-02-14 12:12:00,Dishwash Liquid,Home Care,75,2,150,UPI
2026-02-14 09:32:00,Orange 1kg,Fruits,80,5,400,Card
2026-02-14 12:31:00,Eggs 12pcs,Poultry,75,2,150,Card
2026-02-14 06:22:00,Toothpaste,Personal Care,55,1,55,Card
2026-02-14 12:05:00,Potato 1kg,Vegetables,25,1,25,Cash
2026-02-14 16:53:00,Apple 1kg,Fruits,120,4,480,Card
2026-02-14 12:46:00,Potato 1kg,Vegetables,25,1,25,UPI
2026-02-14 07:34:00,Curd 500g,Dairy,35,4,140,Cash
2026-02-14 18:23:00,Onion 1kg,Vegetables,35,3,105,Card
2026-02-14 12:05:00,Cooking Oil 1L,Essentials,120,3,360,UPI
2026-02-14 09:13:00,Butter 100g,Dairy,52,1,52,Cash
2026-02-14 11:02:00,Toothpaste,Personal Care,55,4,220,Cash
2026-02-14 21:08:00,Potato 1kg,Vegetables,25,2,50,Cash
2026-02-14 21:18:00,Soap,Personal Care,28,5,140,UPI
2026-02-14 19:51:00,Apple 1kg,Fruits,120,1,120,UPI
2026-02-14 10:24:00,Tea Powder 250g,Beverages,140,3,420,Card
2026-02-14 09:03:00,Chana Dal 1kg,Grains,90,1,90,UPI
2026-02-14 17:09:00,Dishwash Liquid,Home Care,75,2,150,UPI
2026-02-14 16:26:00,Tea Powder 250g,Beverages,140,5,700,UPI
2026-02-14 12:31:00,Potato 1kg,Vegetables,25,4,100,UPI
2026-02-14 08:14:00,Dishwash Liquid,Home Care,75,1,75,UPI
2026-02-14 12:34:00,Detergent 1kg,Home Care,110,1,110,UPI
2026-02-14 21:51:00,Apple 1kg,Fruits,120,1,120,Card
2026-02-14 10:33:00,Wheat Flour 1kg,Grains,45,5,225,Cash
2026-02-14 21:55:00,Coffee 100g,Beverages,95,5,475,UPI
2026-02-14 21:59:00,Curd 500g,Dairy,35,3,105,Cash
2026-02-14 08:22:00,Shampoo,Personal Care,85,5,425,UPI
2026-02-14 10:28:00,Curd 500g,Dairy,35,1,35,Cash
2026-02-14 20:29:00,Detergent 1kg,Home Care,110,1,110,Card
2026-02-14 12:47:00,Tomato 1kg,Vegetables,30,1,30,Cash
2026-02-14 08:30:00,Toothpaste,Personal Care,55,4,220,Cash
2026-02-14 08:42:00,Soap,Personal Care,28,4,112,UPI
2026-02-14 18:12:00,Soap,Personal Care,28,3,84,Cash
2026-02-14 07:13:00,Soap,Personal Care,28,5,140,UPI
2026-02-14 15:08:00,Sugar 1kg,Essentials,50,4,200,UPI
2026-02-14 11:47:00,Bread,Bakery,30,4,120,Cash
2026-02-14 19:55:00,Tea Powder 250g,Beverages,140,4,560,Cash
2026-02-14 19:33:00,Onion 1kg,Vegetables,35,4,140,UPI
2026-02-14 08:59:00,Orange 1kg,Fruits,80,5,400,UPI
2026-02-14 16:35:00,Milk 1L,Dairy,28,5,140,UPI
2026-02-14 18:58:00,Apple 1kg,Fruits,120,1,120,UPI
2026-02-14 19:26:00,Tomato 1kg,Vegetables,30,5,150,UPI
2026-02-14 18:41:00,Rice 1kg,Grains,60,5,300,Card
2026-02-14 20:48:00,Coffee 100g,Beverages,95,1,95,UPI
2026-02-14 13:49:00,Apple 1kg,Fruits,120,4,480,Cash
2026-02-14 20:15:00,Rice 1kg,Grains,60,5,300,Cash
2026-02-14 10:43:00,Soft Drink 1L,Beverages,40,1,40,UPI
2026-02-14 12:48:00,Tea Powder 250g,Beverages,140,2,280,Card
2026-02-14 21:10:00,Chana Dal 1kg,Grains,90,1,90,Card
2026-02-14 14:19:00,Cooking Oil 1L,Essentials,120,2,240,UPI
2026-02-14 07:54:00,Soap,Personal Care,28,4,112,UPI
2026-02-14 08:22:00,Soft Drink 1L,Beverages,40,4,160,Card
