timestamp,product_name,category,unit_price,quantity_sold,total_amount,payment_method
2026-02-15 16:36:00,Detergent 1kg,Home Care,110,3,330,UPI
2026-02-15 20:11:00,Biscuits,Snacks,25,1,25,UPI
2026-02-15 12:59:00,Banana 1 dozen,Fruits,50,4,200,UPI
2026-02-15 13:54:00,Tea Powder 250g,Beverages,140,5,700,UPI
2026-02-15 08:41:00,Chana Dal 1kg,Grains,90,2,180,UPI
2026-02-15 19:38:00,Biscuits,Snacks,25,5,125,Cash
2026-02-15 19:08:00,Detergent 1kg,Home Care,110,2,220,UPI
2026-02-15 09:19:00,Wheat Flour 1kg,Grains,45,4,180,UPI
2026-02-15 16:53:00,Detergent 1kg,Home Care,110,4,440,Cash
2026-02-15 12:15:00,Butter 100g,Dairy,52,5,260,Cash
2026-02-15 15:01:00,Sugar 1kg,Essentials,50,2,100,UPI
2026-02-15 09:36:00,Biscuits,Snacks,25,3,75,Card
2026-02-15 15:02:00,Milk 1L,Dairy,28,5,140,UPI
2026-02-15 18:47:00,Shampoo,Personal Care,85,5,425,UPI
2026-02-15 13:39:00,Coffee 100g,Beverages,95,1,95,Card
2026-02-15 19:25:00,Onion 1kg,Vegetables,35,5,175,Cash
2026-02-15 18:37:00,Dishwash Liquid,Home Care,75,1,75,Cash
2026-02-15 07:30:00,Toor Dal 1kg,Grains,110,3,330,UPI
2026-02-15 13:16:00,Curd 500g,Dairy,35,5,175,UPI
2026-02-15 09:36:00,Potato 1kg,Vegetables,25,3,75,Card
2026-02-15 19:46:00,Salt 1kg,Essentials,20,1,20,Cash
2026-02-15 10:20:00,Biscuits,Snacks,25,4,100,Cash
2026-02-15 11:58:00,Salt 1kg,Essentials,20,1,20,UPI
2026-02-15 12:51:00,Cooking Oil 1L,Essentials,120,4,480,Cash
2026-02-15 08:59:00,Soap,Personal Care,28,1,28,Cash
2026-02-15 10:17:00,Apple 1kg,Fruits,120,2,240,Card
2026-02-15 12:42:00,Milk 1L,Dairy,28,3,84,Cash
2026-02-15 08:05:00,Bread,Bakery,30,4,120,UPI
2026-02-15 15:39:00,Detergent 1kg,Home Care,110,1,110,Cash
2026-02-15 20:39:00,Rice 1kg,Grains,60,4,240,UPI
2026-02-15 09:52:00,Soap,Personal Care,28,5,140,Cash
2026-02-15 15:17:00,Tea Powder 250g,Beverages,140,2,280,Cash
2026-02-15 13:58:00,Toor Dal 1kg,Grains,110,4,440,UPI
2026-02-15 15:15:00,Rice 1kg,Grains,60,5,300,UPI
2026-02-15 13:06:00,Soft Drink 1L,Beverages,40,2,80,Cash
2026-02-15 16:39:00,Coffee 100g,Beverages,95,2,190,UPI
2026-02-15 13:38:00,Eggs 12pcs,Poultry,75,5,375,UPI
2026-02-15 18:55:00,Salt 1kg,Essentials,20,2,40,UPI
2026-02-15 20:20:00,Dishwash Liquid,Home Care,75,3,225,UPI
2026-02-15 15:04:00,Dishwash Liquid,Home Care,75,1,75,UPI
2026-02-15 17:30:00,Tomato 1kg,Vegetables,30,1,30,UPI
2026-02-15 19:15:00,Milk 1L,Dairy,28,4,112,UPI
2026-02-15 09:08:00,Curd 500g,Dairy,35,4,140,UPI
2026-02-15 13:14:00,Dishwash Liquid,Home Care,75,5,375,UPI
2026-02-15 17:15:00,Bread,Bakery,30,5,150,UPI
2026-02-15 20:05:00,Dishwash Liquid,Home Care,75,3,225,UPI
2026-02-15 06:51:00,Tomato 1kg,Vegetables,30,1,30,UPI
2026-02-15 20:16:00,Tea Powder 250g,Beverages,140,3,420,Cash
2026-02-15 21:44:00,Butter 100g,Dairy,52,3,156,Cash
2026-02-15 20:47:00,Eggs 12pcs,Poultry,75,5,375,UPI
2026-02-15 15:06:00,Curd 500g,Dairy,35,1,35,UPI
2026-02-15 18:50:00,Toothpaste,Personal Care,55,4,220,UPI
2026-02-15 07:34:00,Wheat Flour 1kg,Grains,45,1,45,Cash
2026-02-15 15:29:00,Salt 1kg,Essentials,20,5,100,Cash
2026-02-15 20:13:00,Tomato 1kg,Vegetables,30,1,30,UPI
2026-02-15 12:05:00,Rice 1kg,Grains,60,3,180,UPI
2026-02-15 18:28:00,Bread,Bakery,30,2,60,Cash
2026-02-15 10:12:00,Soap,Personal Care,28,1,28,Card
2026-02-15 17:41:00,Orange 1kg,Fruits,80,2,160,UPI
2026-02-15 11:46:00,Orange 1kg,Fruits,80,4,320,Card
2026-02-15 09:53:00,Rice 1kg,Grains,60,4,240,Card
2026-02-15 20:13:00,Rice 1kg,Grains,60,3,180,Cash
2026-02-15 08:24:00,Soft Drink 1L,Beverages,40,4,160,UPI
2026-02-15 20:10:00,Detergent 1kg,Home Care,110,4,440,UPI
2026-02-15 17:00:00,Cooking Oil 1L,Essentials,120,2,240,UPI
2026-02-15 19:34:00,Soft Drink 1L,Beverages,40,2,80,Card
2026-02-15 16:58:00,Coffee 100g,Beverages,95,1,95,Card
2026-02-15 16:57:00,Onion 1kg,Vegetables,35,1,35,Cash
2026-02-15 12:52:00,Onion 1kg,Vegetables,35,3,105,Cash
2026-02-15 17:52:00,Tomato 1kg,Vegetables,30,5,150,Cash
2026-02-15 19:35:00,Banana 1 dozen,Fruits,50,1,50,Cash
2026-02-15 13:33:00,Milk 1L,Dairy,28,1,28,Cash
2026-02-15 10:41:00,Coffee 100g,Beverages,95,1,95,Cash
2026-02-15 17:23:00,Orange 1kg,Fruits,80,5,400,Cash
2026-02-15 21:30:00,Curd 500g,Dairy,35,4,140,UPI
2026-02-15 07:49:00,Butter 100g,Dairy,52,2,104,Card
2026-02-15 19:54:00,Apple 1kg,Fruits,120,4,480,Cash
2026-02-15 08:59:00,Soap,Personal Care,28,4,112,UPI
2026-02-15 11:50:00,Dishwash Liquid,Home Care,75,1,75,Cash
2026-02-15 21:59:00,Sugar 1kg,Essentials,50,2,100,UPI
2026-02-15 14:47:00,Apple 1kg,Fruits,120,1,120,Card
2026-02-15 09:48:00,Onion 1kg,Vegetables,35,1,35,UPI
2026-02-15 09:09:00,Onion 1kg,Vegetables,35,1,35,Card
2026-02-15 10:09:00,Soft Drink 1L,Beverages,40,2,80,Card
2026-02-15 14:44:00,Chana Dal 1kg,Grains,90,1,90,Cash
2026-02-15 15:50:00,Orange 1kg,Fruits,80,2,160,Cash
2026-02-15 18:31:00,Banana 1 dozen,Fruits,50,1,50,UPI
2026-02-15 10:00:00,Rice 1kg,Grains,60,5,300,Cash
2026-02-15 10:51:00,Onion 1kg,Vegetables,35,3,105,Card
2026-02-15 12:28:00,Biscuits,Snacks,25,4,100,UPI
2026-02-15 13:02:00,Onion 1kg,Vegetables,35,3,105,UPI
2026-02-15 12:36:00,Rice 1kg,Grains,60,2,120,Cash
2026-02-15 17:18:00,Chana Dal 1kg,Grains,90,2,180,UPI
2026-02-15 13:56:00,Soap,Personal Care,28,4,112,UPI
2026-02-15 19:52:00,Shampoo,Personal Care,85,2,170,UPI
2026-02-15 09:54:00,Detergent 1kg,Home Care,110,4,440,Cash
2026-02-15 10:33:00,Soap,Personal Care,28,4,112,UPI
2026-02-15 18:57:00,Dishwash Liquid,Home Care,75,4,300,UPI
2026-02-15 16:19:00,Eggs 12pcs,Poultry,75,3,225,UPI
2026-02-15 17:48:00,Chana Dal 1kg,Grains,90,4,360,UPI
2026-02-15 19:35:00,Dishwash Liquid,Home Care,75,5,375,Card
2026-02-15 13:27:00,Coffee 100g,Beverages,95,1,95,UPI
2026-02-15 16:59:00,Rice 1kg,Grains,60,3,180,Cash
2026-02-15 14:51:00,Toothpaste,Personal Care,55,3,165,Card
2026-02-15 09:14:00,Banana 1 dozen,Fruits,50,1,50,UPI
2026-02-15 18:58:00,Shampoo,Personal Care,85,1,85,UPI
2026-02-15 18:52:00,Orange 1kg,Fruits,80,4,320,UPI
2026-02-15 18:04:00,Salt 1kg,Essentials,20,4,80,UPI
2026-02-15 08:07:00,Rice 1kg,Grains,60,4,240,UPI
2026-02-15 10:18:00,Salt 1kg,Essentials,20,3,60,Card
2026-02-15 13:18:00,Detergent 1kg,Home Care,110,3,330,UPI
2026-02-15 21:26:00,Biscuits,Snacks,25,4,100,UPI
2026-02-15 19:46:00,Tea Powder 250g,Beverages,140,4,560,UPI
2026-02-15 16:41:00,Toothpaste,Personal Care,55,2,110,Cash
2026-02-15 16:18:00,Butter 100g,Dairy,52,2,104,UPI
2026-02-15 10:36:00,Butter 100g,Dairy,52,3,156,Cash
2026-02-15 09:03:00,Chana Dal 1kg,Grains,90,1,90,Cash
2026-02-15 16:08:00,Toor Dal 1kg,Grains,110,4,440,UPI
2026-02-15 16:21:00,Soap,Personal Care,28,3,84,Card
2026-02-15 07:09:00,Wheat Flour 1kg,Grains,45,2,90,Card
2026-02-15 13:15:00,Cooking Oil 1L,Essentials,120,2,240,UPI
2026-02-15 18:32:00,Dishwash Liquid,Home Care,75,1,75,Cash
2026-02-15 06:13:00,Detergent 1kg,Home Care,110,1,110,Cash
2026-02-15 09:40:00,Dishwash Liquid,Home Care,75,2,150,UPI
2026-02-15 08:31:00,Biscuits,Snacks,25,2,50,UPI
2026-02-15 19:49:00,Biscuits,Snacks,25,1,25,Cash
2026-02-15 09:39:00,Bread,Bakery,30,2,60,Card
2026-02-15 07:54:00,Tea Powder 250g,Beverages,140,2,280,Card
2026-02-15 07:33:00,Dishwash Liquid,Home Care,75,2,150,Card
2026-02-15 13:16:00,Chana Dal 1kg,Grains,90,4,360,UPI
2026-02-15 18:31:00,Apple 1kg,Fruits,120,4,480,Cash
2026-02-15 08:04:00,Rice 1kg,Grains,60,2,120,UPI
2026-02-15 11:19:00,Banana 1 dozen,Fruits,50,5,250,UPI
2026-02-15 14:56:00,Sugar 1kg,Essentials,50,4,200,UPI
2026-02-15 07:15:00,Cooking Oil 1L,Essentials,120,3,360,UPI
2026-02-15 18:25:00,Butter 100g,Dairy,52,1,52,UPI
2026-02-15 12:21:00,Potato 1kg,Vegetables,25,2,50,Cash
2026-02-15 06:26:00,Apple 1kg,Fruits,120,5,600,UPI
2026-02-15 16:49:00,Tea Powder 250g,Beverages,140,2,280,UPI
2026-02-15 08:51:00,Orange 1kg,Fruits,80,2,160,Card
2026-02-15 08:10:00,Salt 1kg,Essentials,20,1,20,UPI
2026-02-15 10:18:00,Curd 500g,Dairy,35,3,105,Cash
2026-02-15 07:11:00,Tea Powder 250g,Beverages,140,4,560,UPI
2026-02-15 18:19:00,Salt 1kg,Essentials,20,4,80,UPI
2026-02-15 13:54:00,Soft Drink 1L,Beverages,40,5,200,Cash
2026-02-15 16:38:00,Eggs 12pcs,Poultry,75,3,225,UPI
2026-02-15 18:20:00,Banana 1 dozen,Fruits,50,1,50,Card
2026-02-15 18:00:00,Rice 1kg,Grains,60,1,60,Card
2026-02-15 14:08:00,Banana 1 dozen,Fruits,50,2,100,UPI
2026-02-15 16:05:00,Cooking Oil 1L,Essentials,120,1,120,Card
2026-02-15 09:42:00,Toor Dal 1kg,Grains,110,1,110,UPI
2026-02-15 15:51:00,Detergent 1kg,Home Care,110,4,440,UPI
2026-02-15 08:41:00,Soft Drink 1L,Beverages,40,5,200,UPI
2026-02-15 12:58:00,Wheat Flour 1kg,Grains,45,4,180,UPI
2026-02-15 15:11:00,Soap,Personal Care,28,2,56,Card
2026-02-15 09:40:00,Salt 1kg,Essentials,20,1,20,UPI
2026-02-15 18:22:00,Toothpaste,Personal Care,55,2,110,Card
2026-02-15 18:08:00,Banana 1 dozen,Fruits,50,1,50,UPI
2026-02-15 11:15:00,Tea Powder 250g,Beverages,140,3,420,UPI
2026-02-15 17:12:00,Shampoo,Personal Care,85,3,255,Cash
2026-02-15 10:08:00,Wheat Flour 1kg,Grains,45,3,135,Cash
2026-02-15 14:43:00,Eggs 12pcs,Poultry,75,1,75,Card
2026-02-15 11:35:00,Onion 1kg,Vegetables,35,5,175,Card
2026-02-15 15:48:00,Onion 1kg,Vegetables,35,2,70,Card
2026-02-15 17:07:00,Butter 100g,Dairy,52,4,208,UPI
2026-02-15 09:16:00,Onion 1kg,Vegetables,35,1,35,Card
2026-02-15 08:06:00,Detergent 1kg,Home Care,110,1,110,Card
2026-02-15 17:26:00,Coffee 100g,Beverages,95,5,475,Card
2026-02-15 07:59:00,Apple 1kg,Fruits,120,4,480,Card
2026-02-15 10:19:00,Cooking Oil 1L,Essentials,120,4,480,Card
2026-02-15 12:55:00,Wheat Flour 1kg,Grains,45,4,180,Cash
2026-02-15 15:05:00,Tea Powder 250g,Beverages,140,1,140,Card
2026-02-15 15:15:00,Milk 1L,Dairy,28,5,140,Cash
2026-02-15 10:20:00,Soft Drink 1L,Beverages,40,4,160,Cash
2026-02-15 21:29:00,Potato 1kg,Vegetables,25,2,50,UPI
2026-02-15 12:53:00,Onion 1kg,Vegetables,35,3,105,Card
2026-02-15 11:01:00,Biscuits,Snacks,25,4,100,Cash
2026-02-15 11:18:00,Chana Dal 1kg,Grains,90,2,180,Card
2026-02-15 17:00:00,Butter 100g,Dairy,52,1,52,Cash
2026-02-15 14:06:00,Wheat Flour 1kg,Grains,45,4,180,UPI
2026-02-15 19:37:00,Milk 1L,Dairy,28,1,28,UPI
2026-02-15 15:16:00,Toor Dal 1kg,Grains,110,1,110,Cash
2026-02-15 15:13:00,Coffee 100g,Beverages,95,3,285,Cash
2026-02-15 06:01:00,Toor Dal 1kg,Grains,110,2,220,Card
2026-02-15 12:48:00,Rice 1kg,Grains,60,3,180,UPI
2026-02-15 18:02:00,Salt 1kg,Essentials,20,4,80,UPI
2026-02-15 15:21:00,Potato 1kg,Vegetables,25,2,50,Card
2026-02-15 15:22:00,Tomato 1kg,Vegetables,30,4,120,Card
2026-02-15 11:58:00,Tomato 1kg,Vegetables,30,5,150,Cash
2026-02-15 13:12:00,Coffee 100g,Beverages,95,4,380,UPI
2026-02-15 17:49:00,Soft Drink 1L,Beverages,40,2,80,UPI
2026-02-15 13:41:00,Coffee 100g,Beverages,95,1,95,UPI
2026-02-15 21:35:00,Tomato 1kg,Vegetables,30,2,60,UPI
2026-02-15 13:50:00,Bread,Bakery,30,3,90,Card
2026-02-15 10:30:00,Soft Drink 1L,Beverages,40,3,120,Cash
2026-02-15 18:18:00,Sugar 1kg,Essentials,50,4,200,Cash
2026-02-15 07:41:00,Toor Dal 1kg,Grains,110,2,220,UPI
2026-02-15 07:48:00,Curd 500g,Dairy,35,2,70,UPI
2026-02-15 17:45:00,Coffee 100g,Beverages,95,3,285,UPI
2026-02-15 14:21:00,Bread,Bakery,30,4,120,Cash
2026-02-15 10:43:00,Toothpaste,Personal Care,55,5,275,Cash
2026-02-15 18:06:00,Chana Dal 1kg,Grains,90,4,360,Card
2026-02-15 06:57:00,Butter 100g,Dairy,52,5,260,Cash
2026-02-15 14:59:00,Coffee 100g,Beverages,95,5,475,Cash
2026-02-15 17:40:00,Butter 100g,Dairy,52,3,156,UPI
2026-02-15 11:10:00,Orange 1kg,Fruits,80,3,240,Cash
2026-02-15 19:04:00,Dishwash Liquid,Home Care,75,4,300,UPI
2026-02-15 14:51:00,Toothpaste,Personal Care,55,4,220,Cash
2026-02-15 07:04:00,Wheat Flour 1kg,Grains,45,4,180,UPI
2026-02-15 11:38:00,Soap,Personal Care,28,2,56,UPI
2026-02-15 15:07:00,Detergent 1kg,Home Care,110,5,550,UPI
2026-02-15 17:44:00,Detergent 1kg,Home Care,110,1,110,UPI
2026-02-15 16:59:00,Cooking Oil 1L,Essentials,120,3,360,Cash
2026-02-15 14:22:00,Rice 1kg,Grains,60,3,180,UPI
2026-02-15 12:09:00,Rice 1kg,Grains,60,1,60,Card
2026-02-15 07:26:00,Toor Dal 1kg,Grains,110,1,110,Cash
2026-02-15 08:41:00,Cooking Oil 1L,Essentials,120,2,240,Card
2026-02-15 12:49:00,Toothpaste,Personal Care,55,5,275,Card
2026-02-15 20:13:00,Banana 1 dozen,Fruits,50,1,50,Card
2026-02-15 21:11:00,Chana Dal 1kg,Grains,90,1,90,Cash
2026-02-15 19:11:00,Soft Drink 1L,Beverages,40,5,200,UPI
2026-02-15 13:42:00,Shampoo,Personal Care,85,2,170,Card
2026-02-15 20:03:00,Onion 1kg,Vegetables,35,1,35,UPI
2026-02-15 15:51:00,Chana Dal 1kg,Grains,90,3,270,Card
2026-02-15 14:57:00,Potato 1kg,Vegetables,25,1,25,Cash
2026-02-15 17:13:00,Toothpaste,Personal Care,55,1,55,Cash
2026-02-15 14:25:00,Salt 1kg,Essentials,20,3,60,Card
2026-02-15 12:16:00,Potato 1kg,Vegetables,25,3,75,UPI
2026-02-15 06:15:00,Curd 500g,Dairy,35,5,175,Cash
2026-02-15 12:02:00,Tea Powder 250g,Beverages,140,2,280,UPI
2026-02-15 12:06:00,Eggs 12pcs,Poultry,75,4,300,UPI
2026-02-15 10:49:00,Biscuits,Snacks,25,2,50,UPI
2026-02-15 08:34:00,Dishwash Liquid,Home Care,75,4,300,UPI
2026-02-15 13:29:00,Chana Dal 1kg,Grains,90,5,450,UPI
2026-02-15 06:08:00,Toor Dal 1kg,Grains,110,2,220,Cash
2026-02-15 18:24:00,Tomato 1kg,Vegetables,30,2,60,Cash
2026-02-15 17:28:00,Onion 1kg,Vegetables,35,1,35,UPI
2026-02-15 10:11:00,Soap,Personal Care,28,1,28,UPI
2026-02-15 06:35:00,Onion 1kg,Vegetables,35,4,140,UPI
2026-02-15 11:30:00,Wheat Flour 1kg,Grains,45,2,90,UPI
2026-02-15 16:14:00,Rice 1kg,Grains,60,3,180,UPI
2026-02-15 07:50:00,Coffee 100g,Beverages,95,1,95,Card
2026-02-15 13:44:00,Rice 1kg,Grains,60,1,60,UPI
2026-02-15 12:32:00,Sugar 1kg,Essentials,50,4,200,Cash
2026-02-15 09:17:00,Eggs 12pcs,Poultry,75,4,300,Cash
2026-02-15 10:10:00,Banana 1 dozen,Fruits,50,5,250,Cash
2026-02-15 18:40:00,Toothpaste,Personal Care,55,4,220,UPI
2026-02-15 07:27:00,Sugar 1kg,Essentials,50,3,150,Cash
2026-02-15 09:09:00,Onion 1kg,Vegetables,35,3,105,UPI
2026-02-15 10:25:00,Rice 1kg,Grains,60,3,180,UPI
2026-02-15 21:34:00,Dishwash Liquid,Home Care,75,2,150,UPI
2026-02-15 06:45:00,Eggs 12pcs,Poultry,75,5,375,UPI
2026-02-15 15:51:00,Butter 100g,Dairy,52,3,156,UPI
2026-02-15 17:52:00,Detergent 1kg,Home Care,110,2,220,Cash
2026-02-15 14:13:00,Potato 1kg,Vegetables,25,4,100,UPI
2026-02-15 17:14:00,Toor Dal 1kg,Grains,110,1,110,UPI
2026-02-15 16:49:00,Cooking Oil 1L,Essentials,120,1,120,Cash
2026-02-15 06:33:00,Butter 100g,Dairy,52,2,104,Cash
2026-02-15 19:36:00,Orange 1kg,Fruits,80,2,160,Cash
2026-02-15 13:32:00,Curd 500g,Dairy,35,1,35,Cash
2026-02-15 14:45:00,Wheat Flour 1kg,Grains,45,4,180,UPI
2026-02-15 08:38:00,Salt 1kg,Essentials,20,3,60,Cash
2026-02-15 19:57:00,Biscuits,Snacks,25,1,25,UPI
2026-02-15 06:27:00,Apple 1kg,Fruits,120,2,240,Cash
2026-02-15 13:48:00,Toothpaste,Personal Care,55,4,220,UPI
2026-02-15 21:29:00,Toor Dal 1kg,Grains,110,3,330,Card
2026-02-15 10:36:00,Tea Powder 250g,Beverages,140,5,700,UPI
2026-02-15 14:47:00,Coffee 100g,Beverages,95,4,380,UPI
2026-02-15 15:08:00,Detergent 1kg,Home Care,110,1,110,Cash
2026-02-15 15:41:00,Rice 1kg,Grains,60,2,120,UPI
2026-02-15 20:31:00,Eggs 12pcs,Poultry,75,1,75,Cash
2026-02-15 18:55:00,Butter 100g,Dairy,52,4,208,UPI
2026-02-15 19:00:00,Milk 1L,Dairy,28,3,84,UPI
2026-02-15 07:28:00,Soap,Personal Care,28,5,140,UPI
2026-02-15 08:27:00,Soap,Personal Care,28,4,112,UPI
2026-02-15 13:57:00,Sugar 1kg,Essentials,50,1,50,Cash
2026-02-15 13:57:00,Milk 1L,Dairy,28,2,56,Card
2026-02-15 15:08:00,Onion 1kg,Vegetables,35,2,70,Card
2026-02-15 12:01:00,Biscuits,Snacks,25,1,25,Card
2026-02-15 09:22:00,Detergent 1kg,Home Care,110,1,110,UPI
2026-02-15 16:47:00,Sugar 1kg,Essentials,50,1,50,UPI
2026-02-15 19:00:00,Butter 100g,Dairy,52,2,104,UPI
2026-02-15 17:18:00,Cooking Oil 1L,Essentials,120,4,480,Cash
2026-02-15 09:51:00,Potato 1kg,Vegetables,25,4,100,Cash
2026-02-15 17:53:00,Soft Drink 1L,Beverages,40,4,160,Cash
2026-02-15 07:10:00,Banana 1 dozen,Fruits,50,1,50,Card
2026-02-15 06:51:00,Orange 1kg,Fruits,80,2,160,UPI
2026-02-15 15:08:00,Chana Dal 1kg,Grains,90,5,450,UPI
2026-02-15 09:30:00,Banana 1 dozen,Fruits,50,3,150,Card
2026-02-15 10:21:00,Curd 500g,Dairy,35,1,35,UPI
2026-02-15 14:15:00,Wheat Flour 1kg,Grains,45,2,90,Cash
2026-02-15 19:16:00,Salt 1kg,Essentials,20,4,80,Cash
2026-02-15 11:37:00,Sugar 1kg,Essentials,50,5,250,UPI
2026-02-15 21:53:00,Shampoo,Personal Care,85,1,85,Cash
2026-02-15 17:54:00,Bread,Bakery,30,1,30,Cash
2026-02-15 09:11:00,Shampoo,Personal Care,85,4,340,Cash
2026-02-15 14:42:00,Cooking Oil 1L,Essentials,120,4,480,Cash
2026-02-15 13:06:00,Butter 100g,Dairy,52,3,156,UPI
2026-02-15 06:36:00,Potato 1kg,Vegetables,25,5,125,UPI
2026-02-15 15:00:00,Apple 1kg,Fruits,120,2,240,UPI
2026-02-15 14:31:00,Onion 1kg,Vegetables,35,2,70,UPI
2026-02-15 13:22:00,Onion 1kg,Vegetables,35,2,70,UPI
2026-02-15 21:59:00,Milk 1L,Dairy,28,1,28,UPI
2026-02-15 12:26:00,Cooking Oil 1L,Essentials,120,3,360,Card
2026-02-15 14:19:00,Orange 1kg,Fruits,80,5,400,Cash
2026-02-15 06:58:00,Curd 500g,Dairy,35,5,175,UPI
2026-02-15 18:04:00,Apple 1kg,Fruits,120,5,600,Cash
2026-02-15 14:33:00,Curd 500g,Dairy,35,2,70,Cash
2026-02-15 12:38:00,Soap,Personal Care,28,1,28,UPI
2026-02-15 06:43:00,Rice 1kg,Grains,60,5,300,UPI
2026-02-15 12:33:00,Cooking Oil 1L,Essentials,120,1,120,UPI
2026-02-15 11:10:00,Toor Dal 1kg,Grains,110,2,220,UPI
2026-02-15 11:42:00,Cooking Oil 1L,Essentials,120,1,120,UPI
2026-02-15 06:59:00,Toothpaste,Personal Care,55,1,55,UPI
2026-02-15 10:03:00,Eggs 12pcs,Poultry,75,2,150,UPI
2026-02-15 14:32:00,Sugar 1kg,Essentials,50,2,100,UPI
2026-02-15 13:34:00,Banana 1 dozen,Fruits,50,5,250,UPI
2026-02-15 10:35:00,Toor Dal 1kg,Grains,110,3,330,UPI
2026-02-15 10:21:00,Butter 100g,Dairy,52,5,260,UPI
2026-02-15 20:24:00,Cooking Oil 1L,Essentials,120,2,240,UPI
2026-02-15 06:08:00,Shampoo,Personal Care,85,3,255,UPI
2026-02-15 10:38:00,Tea Powder 250g,Beverages,140,4,560,Cash
2026-02-15 16:02:00,Biscuits,Snacks,25,1,25,Card
2026-02-15 16:04:00,Salt 1kg,Essentials,20,2,40,UPI
2026-02-15 19:29:00,Onion 1kg,Vegetables,35,5,175,UPI
2026-02-15 14:01:00,Shampoo,Personal Care,85,2,170,Cash
2026-02-15 07:41:00,Sugar 1kg,Essentials,50,1,50,UPI
2026-02-15 07:48:00,Butter 100g,Dairy,52,3,156,UPI
2026-02-15 18:14:00,Chana Dal 1kg,Grains,90,3,270,Cash
2026-02-15 15:07:00,Tomato 1kg,Vegetables,30,3,90,UPI
2026-02-15 06:40:00,Butter 100g,Dairy,52,1,52,Cash
2026-02-15 13:24:00,Eggs 12pcs,Poultry,75,4,300,Cash
2026-02-15 07:40:00,Milk 1L,Dairy,28,4,112,UPI
2026-02-15 08:19:00,Cooking Oil 1L,Essentials,120,1,120,Cash
2026-02-15 07:11:00,Apple 1kg,Fruits,120,5,600,UPI
2026-02-15 15:03:00,Potato 1kg,Vegetables,25,2,50,Card
2026-02-15 21:22:00,Butter 100g,Dairy,52,3,156,Card
2026-02-15 17:58:00,Sugar 1kg,Essentials,50,1,50,UPI
2026-02-15 13:57:00,Tomato 1kg,Vegetables,30,1,30,UPI
2026-02-15 08:55:00,Detergent 1kg,Home Care,110,1,110,UPI
2026-02-15 14:28:00,Cooking Oil 1L,Essentials,120,2,240,Card
2026-02-15 12:13:00,Potato 1kg,Vegetables,25,3,75,Cash
2026-02-15 11:31:00,Chana Dal 1kg,Grains,90,4,360,UPI
2026-02-15 19:46:00,Butter 100g,Dairy,52,3,156,Cash
2026-02-15 07:02:00,Onion 1kg,Vegetables,35,1,35,Cash
2026-02-15 17:27:00,Biscuits,Snacks,25,2,50,Cash
2026-02-15 08:31:00,Toothpaste,Personal Care,55,4,220,Cash
2026-02-15 18:08:00,Salt 1kg,Essentials,20,2,40,UPI
2026-02-15 11:32:00,Detergent 1kg,Home Care,110,1,110,UPI
2026-02-15 15:32:00,Soap,Personal Care,28,5,140,Cash
2026-02-15 06:53:00,Apple 1kg,Fruits,120,2,240,UPI
2026-02-15 07:55:00,Biscuits,Snacks,25,2,50,Card
2026-02-15 10:50:00,Cooking Oil 1L,Essentials,120,1,120,UPI
2026-02-15 21:09:00,Rice 1kg,Grains,60,3,180,Cash
2026-02-15 12:11:00,Eggs 12pcs,Poultry,75,4,300,UPI
2026-02-15 12:30:00,Biscuits,Snacks,25,4,100,Cash
2026-02-15 20:57:00,Salt 1kg,Essentials,20,1,20,Card
2026-02-15 17:51:00,Toor Dal 1kg,Grains,110,3,330,UPI
2026-02-15 21:12:00,Soap,Personal Care,28,2,56,UPI
2026-02-15 17:06:00,Curd 500g,Dairy,35,5,175,Cash
2026-02-15 18:37:00,Cooking Oil 1L,Essentials,120,1,120,UPI
2026-02-15 06:59:00,Rice 1kg,Grains,60,4,240,UPI
2026-02-15 11:11:00,Toor Dal 1kg,Grains,110,5,550,Card
2026-02-15 08:09:00,Potato 1kg,Vegetables,25,2,50,Cash
2026-02-15 15:30:00,Orange 1kg,Fruits,80,1,80,UPI
2026-02-15 08:15:00,Toor Dal 1kg,Grains,110,3,330,UPI
2026-02-15 09:56:00,Tea Powder 250g,Beverages,140,5,700,UPI
2026-02-15 13:26:00,Toor Dal 1kg,Grains,110,3,330,UPI
2026-02-15 10:18:00,Sugar 1kg,Essentials,50,5,250,Card
2026-02-15 07:49:00,Dishwash Liquid,Home Care,75,2,150,Card
2026-02-15 21:08:00,Detergent 1kg,Home Care,110,4,440,Card
2026-02-15 18:50:00,Dishwash Liquid,Home Care,75,1,75,UPI
2026-02-15 21:46:00,Tea Powder 250g,Beverages,140,2,280,UPI
2026-02-15 20:18:00,Banana 1 dozen,Fruits,50,1,50,Card
2026-02-15 10:24:00,Eggs 12pcs,Poultry,75,4,300,Card
2026-02-15 10:23:00,Rice 1kg,Grains,60,5,300,Cash
2026-02-15 11:16:00,Potato 1kg,Vegetables,25,5,125,Card
2026-02-15 06:45:00,Milk 1L,Dairy,28,5,140,UPI
2026-02-15 09:14:00,Eggs 12pcs,Poultry,75,4,300,Cash
2026-02-15 14:21:00,Toothpaste,Personal Care,55,5,275,Cash
2026-02-15 11:26:00,Soap,Personal Care,28,3,84,UPI
2026-02-15 06:18:00,Wheat Flour 1kg,Grains,45,1,45,Cash
2026-02-15 08:38:00,Tomato 1kg,Vegetables,30,3,90,UPI
2026-02-15 08:19:00,Wheat Flour 1kg,Grains,45,3,135,UPI
2026-02-15 15:50:00,Eggs 12pcs,Poultry,75,2,150,Card
2026-02-15 09:29:00,Orange 1kg,Fruits,80,5,400,UPI
2026-02-15 19:53:00,Soft Drink 1L,Beverages,40,4,160,UPI
2026-02-15 15:07:00,Biscuits,Snacks,25,2,50,Cash
2026-02-15 14:35:00,Toothpaste,Personal Care,55,2,110,UPI
2026-02-15 15:28:00,Bread,Bakery,30,2,60,Cash
2026-02-15 11:48:00,Detergent 1kg,Home Care,110,5,550,UPI
2026-02-15 11:57:00,Banana 1 dozen,Fruits,50,1,50,UPI
2026-02-15 14:22:00,Soft Drink 1L,Beverages,40,1,40,UPI
2026-02-15 09:46:00,Milk 1L,Dairy,28,1,28,UPI
2026-02-15 18:37:00,Eggs 12pcs,Poultry,75,3,225,UPI
2026-02-15 14:21:00,Orange 1kg,Fruits,80,3,240,UPI
2026-02-15 16:11:00,Cooking Oil 1L,Essentials,120,3,360,Cash
2026-02-15 15:06:00,Curd 500g,Dairy,35,5,175,UPI
2026-02-15 18:03:00,Tea Powder 250g,Beverages,140,2,280,Card
2026-02-15 21:36:00,Curd 500g,Dairy,35,4,140,UPI
2026-02-15 19:12:00,Onion 1kg,Vegetables,35,2,70,UPI
2026-02-15 14:20:00,Rice 1kg,Grains,60,1,60,UPI
2026-02-15 18:36:00,Salt 1kg,Essentials,20,4,80,UPI
2026-02-15 14:01:00,Curd 500g,Dairy,35,2,70,Card
2026-02-15 07:50:00,Apple 1kg,Fruits,120,4,480,Card
2026-02-15 08:26:00,Cooking Oil 1L,Essentials,120,3,360,UPI
2026-02-15 16:41:00,Rice 1kg,Grains,60,5,300,UPI
2026-02-15 17:12:00,Banana 1 dozen,Fruits,50,2,100,Cash
2026-02-15 15:28:00,Curd 500g,Dairy,35,4,140,Card
2026-02-15 14:10:00,Rice 1kg,Grains,60,5,300,Cash
2026-02-15 10:14:00,Banana 1 dozen,Fruits,50,4,200,Cash
2026-02-15 14:37:00,Soft Drink 1L,Beverages,40,3,120,UPI
2026-02-15 21:44:00,Milk 1L,Dairy,28,3,84,Cash
2026-02-15 08:33:00,Coffee 100g,Beverages,95,2,190,Cash
2026-02-15 17:03:00,Coffee 100g,Beverages,95,2,190,Card
2026-02-15 21:45:00,Bread,Bakery,30,3,90,UPI
2026-02-15 15:30:00,Cooking Oil 1L,Essentials,120,2,240,UPI
2026-02-15 09:51:00,Shampoo,Personal Care,85,5,425,UPI
2026-02-15 14:28:00,Orange 1kg,Fruits,80,2,160,Cash
2026-02-15 21:07:00,Sugar 1kg,Essentials,50,1,50,UPI
2026-02-15 14:10:00,Shampoo,Personal Care,85,1,85,UPI
2026-02-15 08:20:00,Potato 1kg,Vegetables,25,1,25,UPI
2026-02-15 19:37:00,Toor Dal 1kg,Grains,110,4,440,UPI
2026-02-15 06:15:00,Potato 1kg,Vegetables,25,1,25,UPI
2026-02-15 11:52:00,Coffee 100g,Beverages,95,3,285,UPI
2026-02-15 14:09:00,Chana Dal 1kg,Grains,90,5,450,UPI
2026-02-15 06:41:00,Toothpaste,Personal Care,55,5,275,UPI
2026-02-15 07:14:00,Soft Drink 1L,Beverages,40,2,80,Cash
2026-02-15 21:30:00,Milk 1L,Dairy,28,2,56,UPI
2026-02-15 11:56:00,Detergent 1kg,Home Care,110,3,330,Cash
2026-02-15 09:23:00,Tomato 1kg,Vegetables,30,5,150,UPI
2026-02-15 17:06:00,Cooking Oil 1L,Essentials,120,2,240,UPI
2026-02-15 16:46:00,Milk 1L,Dairy,28,2,56,UPI
2026-02-15 14:31:00,Onion 1kg,Vegetables,35,2,70,Cash
2026-02-15 21:05:00,Wheat Flour 1kg,Grains,45,1,45,UPI
2026-02-15 18:07:00,Salt 1kg,Essentials,20,1,20,Cash
2026-02-15 06:10:00,Banana 1 dozen,Fruits,50,5,250,Card
2026-02-15 07:45:00,Banana 1 dozen,Fruits,50,1,50,UPI
2026-02-15 15:29:00,Sugar 1kg,Essentials,50,4,200,UPI
2026-02-15 06:23:00,Wheat Flour 1kg,Grains,45,4,180,UPI
2026-02-15 09:52:00,Wheat Flour 1kg,Grains,45,3,135,Card
2026-02-15 06:41:00,Rice 1kg,Grains,60,4,240,UPI
2026-02-15 15:50:00,Wheat Flour 1kg,Grains,45,5,225,Cash
2026-02-15 06:16:00,Salt 1kg,Essentials,20,5,100,Card
2026-02-15 14:19:00,Milk 1L,Dairy,28,4,112,UPI
